C,Algorithm,Run
1,Perceptron,1
1,Perceptron,2
1,Perceptron,3
1,Perceptron,4
1,Perceptron,5
1,Perceptron,6
1,Perceptron,7
1,Perceptron,8
1,Perceptron,9
1,Perceptron,10
1,Perceptron,11
1,Perceptron,12
1,Perceptron,13
1,Perceptron,14
1,Perceptron,15
1,Perceptron,16
1,Perceptron,17
1,Perceptron,18
1,Perceptron,19
1,Perceptron,20
1,Gaussian_Kernel_Perceptron,1
1,Gaussian_Kernel_Perceptron,2
1,Gaussian_Kernel_Perceptron,3
1,Gaussian_Kernel_Perceptron,4
1,Gaussian_Kernel_Perceptron,5
1,Gaussian_Kernel_Perceptron,6
1,Gaussian_Kernel_Perceptron,7
1,Gaussian_Kernel_Perceptron,8
1,Gaussian_Kernel_Perceptron,9
1,Gaussian_Kernel_Perceptron,10
1,Gaussian_Kernel_Perceptron,11
1,Gaussian_Kernel_Perceptron,12
1,Gaussian_Kernel_Perceptron,13
1,Gaussian_Kernel_Perceptron,14
1,Gaussian_Kernel_Perceptron,15
1,Gaussian_Kernel_Perceptron,16
1,Gaussian_Kernel_Perceptron,17
1,Gaussian_Kernel_Perceptron,18
1,Gaussian_Kernel_Perceptron,19
1,Gaussian_Kernel_Perceptron,20
1,PA_c,1
1,PA_c,2
1,PA_c,3
1,PA_c,4
1,PA_c,5
1,PA_c,6
1,PA_c,7
1,PA_c,8
1,PA_c,9
1,PA_c,10
1,PA_c,11
1,PA_c,12
1,PA_c,13
1,PA_c,14
1,PA_c,15
1,PA_c,16
1,PA_c,17
1,PA_c,18
1,PA_c,19
1,PA_c,20
